"experiment","run","step","total_delivered_value","total_seized_value","count_links","first_yellow_tick","count_links_with_color_yellow","seizure_rate_pct","yellow_link_rate_pct","drug_through_yellow_rate_pct","clustering_rate_pct","never_adapted","cartel_type","enforcement_target","enforcement_duration"
"Exp1_Adaptive_Busiest_Short",1,1000,4507,1031,232,4,170,18.62,73.28,43.33,9.72,FALSE,"Adaptive","Busiest","Short"
"Exp1_Adaptive_Busiest_Short",2,1000,4369,1091,229,5,164,19.98,71.62,32.3,12.76,FALSE,"Adaptive","Busiest","Short"
"Exp1_Adaptive_Busiest_Short",3,1000,4303,1163,218,5,169,21.28,77.52,49.32,11.84,FALSE,"Adaptive","Busiest","Short"
"Exp1_Adaptive_Busiest_Short",4,1000,4460,1126,228,5,171,20.16,75,40.22,11.76,FALSE,"Adaptive","Busiest","Short"
"Exp1_Adaptive_Busiest_Short",5,1000,4342,1060,218,5,167,19.62,76.61,49.74,14.53,FALSE,"Adaptive","Busiest","Short"
"Exp1_Adaptive_Busiest_Short",6,1000,4383,1075,232,5,173,19.7,74.57,46.28,13.21,FALSE,"Adaptive","Busiest","Short"
"Exp1_Adaptive_Busiest_Short",7,1000,4496,1042,219,11,166,18.82,75.8,42.76,11.95,FALSE,"Adaptive","Busiest","Short"
"Exp1_Adaptive_Busiest_Short",8,1000,4379,1052,212,4,161,19.37,75.94,42.03,10.98,FALSE,"Adaptive","Busiest","Short"
"Exp1_Adaptive_Busiest_Short",9,1000,4381,1080,204,8,149,19.78,73.04,42.67,11.79,FALSE,"Adaptive","Busiest","Short"
"Exp1_Adaptive_Busiest_Short",10,1000,4414,1067,221,5,160,19.47,72.4,41.63,9.64,FALSE,"Adaptive","Busiest","Short"
"Exp1_Adaptive_Busiest_Short",11,1000,4406,1077,211,5,154,19.64,72.99,39.1,13.34,FALSE,"Adaptive","Busiest","Short"
"Exp1_Adaptive_Busiest_Short",12,1000,4317,1219,217,5,155,22.02,71.43,38.12,12.7,FALSE,"Adaptive","Busiest","Short"
"Exp1_Adaptive_Busiest_Short",13,1000,4505,1014,213,4,155,18.37,72.77,42.54,13.16,FALSE,"Adaptive","Busiest","Short"
"Exp1_Adaptive_Busiest_Short",14,1000,4423,1011,204,7,152,18.61,74.51,51.91,10.4,FALSE,"Adaptive","Busiest","Short"
"Exp1_Adaptive_Busiest_Short",15,1000,4252,1150,210,4,156,21.29,74.29,42.59,11.92,FALSE,"Adaptive","Busiest","Short"
"Exp1_Adaptive_Busiest_Short",16,1000,4385,1114,215,4,157,20.26,73.02,46.15,10.55,FALSE,"Adaptive","Busiest","Short"
"Exp1_Adaptive_Busiest_Short",17,1000,4396,1070,216,5,163,19.58,75.46,43.81,11.51,FALSE,"Adaptive","Busiest","Short"
"Exp1_Adaptive_Busiest_Short",18,1000,4356,1105,202,4,148,20.23,73.27,36.32,11.85,FALSE,"Adaptive","Busiest","Short"
"Exp1_Adaptive_Busiest_Short",19,1000,4335,1101,232,4,171,20.25,73.71,39.2,12.03,FALSE,"Adaptive","Busiest","Short"
"Exp1_Adaptive_Busiest_Short",20,1000,4308,1096,200,6,145,20.28,72.5,43.18,10.94,FALSE,"Adaptive","Busiest","Short"
"Exp1_Adaptive_Busiest_Short",21,1000,4470,1053,217,5,160,19.07,73.73,39.33,10.49,FALSE,"Adaptive","Busiest","Short"
"Exp1_Adaptive_Busiest_Short",22,1000,4277,1187,227,8,168,21.72,74.01,42.25,12.27,FALSE,"Adaptive","Busiest","Short"
"Exp1_Adaptive_Busiest_Short",23,1000,4422,1136,225,4,174,20.44,77.33,41.04,9.91,FALSE,"Adaptive","Busiest","Short"
"Exp1_Adaptive_Busiest_Short",24,1000,4434,1105,245,4,192,19.95,78.37,44.21,11.94,FALSE,"Adaptive","Busiest","Short"
"Exp1_Adaptive_Busiest_Short",25,1000,4445,1102,221,5,166,19.87,75.11,41.46,13.53,FALSE,"Adaptive","Busiest","Short"
"Exp1_Adaptive_Busiest_Short",26,1000,4292,1160,211,6,162,21.28,76.78,44.51,11.38,FALSE,"Adaptive","Busiest","Short"
"Exp1_Adaptive_Busiest_Short",27,1000,4525,1031,234,5,174,18.56,74.36,38.78,14.51,FALSE,"Adaptive","Busiest","Short"
"Exp1_Adaptive_Busiest_Short",28,1000,4439,1114,222,4,166,20.06,74.77,34.68,12.02,FALSE,"Adaptive","Busiest","Short"
"Exp1_Adaptive_Busiest_Short",29,1000,4368,1067,200,5,147,19.63,73.5,40.33,9.16,FALSE,"Adaptive","Busiest","Short"
"Exp1_Adaptive_Busiest_Short",30,1000,4387,1112,217,5,156,20.22,71.89,41.08,12.68,FALSE,"Adaptive","Busiest","Short"
"Exp2_Stubborn_Busiest_Short",1,1000,4108,1298,143,5,49,24.01,34.27,20.91,5.6,FALSE,"Stubborn","Busiest","Short"
"Exp2_Stubborn_Busiest_Short",2,1000,4293,1216,162,9,50,22.07,30.86,24.79,7.58,FALSE,"Stubborn","Busiest","Short"
"Exp2_Stubborn_Busiest_Short",3,1000,4154,1283,132,4,30,23.6,22.73,16.99,4.55,FALSE,"Stubborn","Busiest","Short"
"Exp2_Stubborn_Busiest_Short",4,1000,4260,1239,147,4,39,22.53,26.53,18.66,4.62,FALSE,"Stubborn","Busiest","Short"
"Exp2_Stubborn_Busiest_Short",5,1000,4405,1186,186,5,62,21.21,33.33,26.01,9.8,FALSE,"Stubborn","Busiest","Short"
"Exp2_Stubborn_Busiest_Short",6,1000,4253,1303,152,5,50,23.45,32.89,23.76,4.8,FALSE,"Stubborn","Busiest","Short"
"Exp2_Stubborn_Busiest_Short",7,1000,4360,1168,147,3,15,21.13,10.2,3.08,1.76,FALSE,"Stubborn","Busiest","Short"
"Exp2_Stubborn_Busiest_Short",8,1000,4203,1195,146,92,39,22.14,26.71,35.53,6.09,FALSE,"Stubborn","Busiest","Short"
"Exp2_Stubborn_Busiest_Short",9,1000,4268,1224,143,6,31,22.29,21.68,20.66,4.68,FALSE,"Stubborn","Busiest","Short"
"Exp2_Stubborn_Busiest_Short",10,1000,4177,1232,136,5,30,22.78,22.06,24.78,5.78,FALSE,"Stubborn","Busiest","Short"
"Exp2_Stubborn_Busiest_Short",11,1000,4260,1269,146,4,38,22.95,26.03,21.57,4.84,FALSE,"Stubborn","Busiest","Short"
"Exp2_Stubborn_Busiest_Short",12,1000,4144,1321,148,96,29,24.17,19.59,15.81,3.61,FALSE,"Stubborn","Busiest","Short"
"Exp2_Stubborn_Busiest_Short",13,1000,4285,1263,157,4,51,22.76,32.48,19.02,6.91,FALSE,"Stubborn","Busiest","Short"
"Exp2_Stubborn_Busiest_Short",14,1000,4148,1285,145,4,38,23.65,26.21,17.7,10,FALSE,"Stubborn","Busiest","Short"
"Exp2_Stubborn_Busiest_Short",15,1000,4135,1237,140,127,16,23.03,11.43,7.23,3.25,FALSE,"Stubborn","Busiest","Short"
"Exp2_Stubborn_Busiest_Short",16,1000,4219,1266,151,5,49,23.08,32.45,24.29,6.83,FALSE,"Stubborn","Busiest","Short"
"Exp2_Stubborn_Busiest_Short",17,1000,4296,1241,132,5,48,22.41,36.36,28.43,2.87,FALSE,"Stubborn","Busiest","Short"
"Exp2_Stubborn_Busiest_Short",18,1000,4105,1366,146,4,59,24.97,40.41,29.33,7.25,FALSE,"Stubborn","Busiest","Short"
"Exp2_Stubborn_Busiest_Short",19,1000,4268,1182,127,5,8,21.69,6.3,5.42,2.41,FALSE,"Stubborn","Busiest","Short"
"Exp2_Stubborn_Busiest_Short",20,1000,4333,1177,157,5,54,21.36,34.39,22.13,5.56,FALSE,"Stubborn","Busiest","Short"
"Exp2_Stubborn_Busiest_Short",21,1000,4246,1231,141,4,29,22.48,20.57,19.15,8,FALSE,"Stubborn","Busiest","Short"
"Exp2_Stubborn_Busiest_Short",22,1000,4172,1234,140,5,18,22.83,12.86,12.04,6.56,FALSE,"Stubborn","Busiest","Short"
"Exp2_Stubborn_Busiest_Short",23,1000,4175,1333,132,7,31,24.2,23.48,13.06,3.75,FALSE,"Stubborn","Busiest","Short"
"Exp2_Stubborn_Busiest_Short",24,1000,4125,1233,120,4,30,23.01,25,16.16,3.28,FALSE,"Stubborn","Busiest","Short"
"Exp2_Stubborn_Busiest_Short",25,1000,4253,1173,162,6,40,21.62,24.69,11.58,5.17,FALSE,"Stubborn","Busiest","Short"
"Exp2_Stubborn_Busiest_Short",26,1000,4224,1293,144,5,32,23.44,22.22,20.93,5.15,FALSE,"Stubborn","Busiest","Short"
"Exp2_Stubborn_Busiest_Short",27,1000,4276,1192,143,92,45,21.8,31.47,18,6.67,FALSE,"Stubborn","Busiest","Short"
"Exp2_Stubborn_Busiest_Short",28,1000,4108,1262,138,5,34,23.5,24.64,22.67,7.44,FALSE,"Stubborn","Busiest","Short"
"Exp2_Stubborn_Busiest_Short",29,1000,4356,1131,141,4,33,20.61,23.4,11.47,5.94,FALSE,"Stubborn","Busiest","Short"
"Exp2_Stubborn_Busiest_Short",30,1000,4185,1271,133,4,35,23.3,26.32,17.01,5.08,FALSE,"Stubborn","Busiest","Short"
"Exp3_Adaptive_Random_Short",1,1000,5379,102,92,6,6,1.86,6.52,12.39,2.6,FALSE,"Adaptive","Random","Short"
"Exp3_Adaptive_Random_Short",2,1000,5315,75,80,464,6,1.39,7.5,6.21,4.04,FALSE,"Adaptive","Random","Short"
"Exp3_Adaptive_Random_Short",3,1000,5428,55,74,637,1,1,1.35,0,1.72,FALSE,"Adaptive","Random","Short"
"Exp3_Adaptive_Random_Short",4,1000,5428,127,89,4,11,2.29,12.36,6.19,4.82,FALSE,"Adaptive","Random","Short"
"Exp3_Adaptive_Random_Short",5,1000,5335,124,78,275,7,2.27,8.97,4.1,3.41,FALSE,"Adaptive","Random","Short"
"Exp3_Adaptive_Random_Short",6,1000,5378,112,62,812,0,2.04,0,0,4.59,FALSE,"Adaptive","Random","Short"
"Exp3_Adaptive_Random_Short",7,1000,5442,137,78,283,19,2.46,24.36,30.06,2.4,FALSE,"Adaptive","Random","Short"
"Exp3_Adaptive_Random_Short",8,1000,5335,156,69,92,12,2.84,17.39,13.3,1.5,FALSE,"Adaptive","Random","Short"
"Exp3_Adaptive_Random_Short",9,1000,5303,109,86,6,1,2.01,1.16,0,2.39,FALSE,"Adaptive","Random","Short"
"Exp3_Adaptive_Random_Short",10,1000,5310,150,54,8,9,2.75,16.67,13.33,2.6,FALSE,"Adaptive","Random","Short"
"Exp3_Adaptive_Random_Short",11,1000,5373,85,81,635,1,1.56,1.23,0,0.69,FALSE,"Adaptive","Random","Short"
"Exp3_Adaptive_Random_Short",12,1000,5270,135,85,27,17,2.5,20,12.34,5.27,FALSE,"Adaptive","Random","Short"
"Exp3_Adaptive_Random_Short",13,1000,5381,117,88,184,12,2.13,13.64,8.93,3.26,FALSE,"Adaptive","Random","Short"
"Exp3_Adaptive_Random_Short",14,1000,5469,97,73,93,2,1.74,2.74,2.53,1.43,FALSE,"Adaptive","Random","Short"
"Exp3_Adaptive_Random_Short",15,1000,5382,119,83,273,9,2.16,10.84,9.09,0.97,FALSE,"Adaptive","Random","Short"
"Exp3_Adaptive_Random_Short",16,1000,5318,135,73,5,8,2.48,10.96,9,3.07,FALSE,"Adaptive","Random","Short"
"Exp3_Adaptive_Random_Short",17,1000,5300,122,78,272,12,2.25,15.38,6.84,4.06,FALSE,"Adaptive","Random","Short"
"Exp3_Adaptive_Random_Short",18,1000,5360,151,85,182,14,2.74,16.47,13.9,4.93,FALSE,"Adaptive","Random","Short"
"Exp3_Adaptive_Random_Short",19,1000,5332,168,75,93,13,3.05,17.33,11.46,1.51,FALSE,"Adaptive","Random","Short"
"Exp3_Adaptive_Random_Short",20,1000,5344,175,91,275,27,3.17,29.67,23.36,4.1,FALSE,"Adaptive","Random","Short"
"Exp3_Adaptive_Random_Short",21,1000,5252,158,88,5,33,2.92,37.5,19.55,5.94,FALSE,"Adaptive","Random","Short"
"Exp3_Adaptive_Random_Short",22,1000,5322,195,76,5,24,3.53,31.58,16.57,3.2,FALSE,"Adaptive","Random","Short"
"Exp3_Adaptive_Random_Short",23,1000,5320,159,81,92,16,2.9,19.75,10.45,4.87,FALSE,"Adaptive","Random","Short"
"Exp3_Adaptive_Random_Short",24,1000,5331,118,80,92,1,2.17,1.25,1.89,0.47,FALSE,"Adaptive","Random","Short"
"Exp3_Adaptive_Random_Short",25,1000,5335,154,90,547,14,2.81,15.56,14.29,8.62,FALSE,"Adaptive","Random","Short"
"Exp3_Adaptive_Random_Short",26,1000,5366,128,66,124,9,2.33,13.64,8.86,3,FALSE,"Adaptive","Random","Short"
"Exp3_Adaptive_Random_Short",27,1000,5277,103,64,281,6,1.91,9.38,4.15,1.44,FALSE,"Adaptive","Random","Short"
"Exp3_Adaptive_Random_Short",28,1000,5395,149,77,385,14,2.69,18.18,17.75,5.23,FALSE,"Adaptive","Random","Short"
"Exp3_Adaptive_Random_Short",29,1000,5223,127,80,12,5,2.37,6.25,2.81,2.49,FALSE,"Adaptive","Random","Short"
"Exp3_Adaptive_Random_Short",30,1000,5373,120,78,95,5,2.18,6.41,6.59,4.08,FALSE,"Adaptive","Random","Short"
"Exp4_Stubborn_Random_Short",1,1000,5400,73,90,-1,0,1.33,0,0,1.55,TRUE,"Stubborn","Random","Short"
"Exp4_Stubborn_Random_Short",2,1000,5327,124,69,-1,0,2.27,0,0,2.47,TRUE,"Stubborn","Random","Short"
"Exp4_Stubborn_Random_Short",3,1000,5322,215,77,-1,0,3.88,0,0,1.87,TRUE,"Stubborn","Random","Short"
"Exp4_Stubborn_Random_Short",4,1000,5349,113,70,-1,0,2.07,0,0,2.54,TRUE,"Stubborn","Random","Short"
"Exp4_Stubborn_Random_Short",5,1000,5412,100,70,-1,0,1.81,0,0,1.3,TRUE,"Stubborn","Random","Short"
"Exp4_Stubborn_Random_Short",6,1000,5288,121,81,-1,0,2.24,0,0,2.11,TRUE,"Stubborn","Random","Short"
"Exp4_Stubborn_Random_Short",7,1000,5350,82,78,-1,0,1.51,0,0,0.64,TRUE,"Stubborn","Random","Short"
"Exp4_Stubborn_Random_Short",8,1000,5412,125,88,-1,0,2.26,0,0,2.07,TRUE,"Stubborn","Random","Short"
"Exp4_Stubborn_Random_Short",9,1000,5446,130,68,-1,0,2.33,0,0,1.52,TRUE,"Stubborn","Random","Short"
"Exp4_Stubborn_Random_Short",10,1000,5297,176,64,-1,0,3.22,0,0,1.97,TRUE,"Stubborn","Random","Short"
"Exp4_Stubborn_Random_Short",11,1000,5296,122,71,-1,0,2.25,0,0,2.58,TRUE,"Stubborn","Random","Short"
"Exp4_Stubborn_Random_Short",12,1000,5414,126,52,-1,0,2.27,0,0,1.26,TRUE,"Stubborn","Random","Short"
"Exp4_Stubborn_Random_Short",13,1000,5413,94,92,-1,0,1.71,0,0,1.82,TRUE,"Stubborn","Random","Short"
"Exp4_Stubborn_Random_Short",14,1000,5287,106,80,-1,0,1.97,0,0,1.01,TRUE,"Stubborn","Random","Short"
"Exp4_Stubborn_Random_Short",15,1000,5309,99,62,-1,0,1.83,0,0,0.23,TRUE,"Stubborn","Random","Short"
"Exp4_Stubborn_Random_Short",16,1000,5341,137,79,182,0,2.5,0,0,0.25,FALSE,"Stubborn","Random","Short"
"Exp4_Stubborn_Random_Short",17,1000,5428,122,69,-1,0,2.2,0,0,5.59,TRUE,"Stubborn","Random","Short"
"Exp4_Stubborn_Random_Short",18,1000,5366,125,82,-1,0,2.28,0,0,0.22,TRUE,"Stubborn","Random","Short"
"Exp4_Stubborn_Random_Short",19,1000,5408,45,69,-1,0,0.83,0,0,2.49,TRUE,"Stubborn","Random","Short"
"Exp4_Stubborn_Random_Short",20,1000,5380,92,89,-1,0,1.68,0,0,0.33,TRUE,"Stubborn","Random","Short"
"Exp4_Stubborn_Random_Short",21,1000,5398,127,71,-1,0,2.3,0,0,1.02,TRUE,"Stubborn","Random","Short"
"Exp4_Stubborn_Random_Short",22,1000,5333,126,74,-1,0,2.31,0,0,1.62,TRUE,"Stubborn","Random","Short"
"Exp4_Stubborn_Random_Short",23,1000,5502,121,84,-1,0,2.15,0,0,0.36,TRUE,"Stubborn","Random","Short"
"Exp4_Stubborn_Random_Short",24,1000,5411,135,78,-1,0,2.43,0,0,1.32,TRUE,"Stubborn","Random","Short"
"Exp4_Stubborn_Random_Short",25,1000,5450,98,60,-1,0,1.77,0,0,1.01,TRUE,"Stubborn","Random","Short"
"Exp4_Stubborn_Random_Short",26,1000,5295,119,69,-1,0,2.2,0,0,0,TRUE,"Stubborn","Random","Short"
"Exp4_Stubborn_Random_Short",27,1000,5315,168,69,-1,0,3.06,0,0,1.14,TRUE,"Stubborn","Random","Short"
"Exp4_Stubborn_Random_Short",28,1000,5344,155,82,-1,0,2.82,0,0,3.1,TRUE,"Stubborn","Random","Short"
"Exp4_Stubborn_Random_Short",29,1000,5359,119,62,-1,0,2.17,0,0,1.34,TRUE,"Stubborn","Random","Short"
"Exp4_Stubborn_Random_Short",30,1000,5342,192,72,-1,0,3.47,0,0,1.48,TRUE,"Stubborn","Random","Short"
"Exp5_Adaptive_Busiest_Long",1,1000,3043,2576,198,6,143,45.84,72.22,36.36,8.04,FALSE,"Adaptive","Busiest","Long"
"Exp5_Adaptive_Busiest_Long",2,1000,3608,1976,214,8,155,35.39,72.43,45.18,9.12,FALSE,"Adaptive","Busiest","Long"
"Exp5_Adaptive_Busiest_Long",3,1000,3290,2224,201,5,151,40.33,75.12,41.18,8.66,FALSE,"Adaptive","Busiest","Long"
"Exp5_Adaptive_Busiest_Long",4,1000,2738,2758,203,5,149,50.18,73.4,48.11,13.59,FALSE,"Adaptive","Busiest","Long"
"Exp5_Adaptive_Busiest_Long",5,1000,3404,2072,220,5,167,37.84,75.91,53.23,11.07,FALSE,"Adaptive","Busiest","Long"
"Exp5_Adaptive_Busiest_Long",6,1000,2790,2794,207,4,155,50.04,74.88,42.21,11.34,FALSE,"Adaptive","Busiest","Long"
"Exp5_Adaptive_Busiest_Long",7,1000,3515,1874,229,6,175,34.77,76.42,44.33,11.09,FALSE,"Adaptive","Busiest","Long"
"Exp5_Adaptive_Busiest_Long",8,1000,3030,2529,197,8,148,45.49,75.13,43.05,11.63,FALSE,"Adaptive","Busiest","Long"
"Exp5_Adaptive_Busiest_Long",9,1000,3146,2368,214,4,160,42.95,74.77,54.08,9.51,FALSE,"Adaptive","Busiest","Long"
"Exp5_Adaptive_Busiest_Long",10,1000,3503,2000,244,5,186,36.34,76.23,44.57,12.73,FALSE,"Adaptive","Busiest","Long"
"Exp5_Adaptive_Busiest_Long",11,1000,2984,2551,216,5,167,46.09,77.31,47.51,8.17,FALSE,"Adaptive","Busiest","Long"
"Exp5_Adaptive_Busiest_Long",12,1000,3226,2203,224,4,176,40.58,78.57,50,9.36,FALSE,"Adaptive","Busiest","Long"
"Exp5_Adaptive_Busiest_Long",13,1000,2853,2722,199,5,150,48.83,75.38,36.92,8.85,FALSE,"Adaptive","Busiest","Long"
"Exp5_Adaptive_Busiest_Long",14,1000,3535,2002,235,4,174,36.16,74.04,52.1,11.71,FALSE,"Adaptive","Busiest","Long"
"Exp5_Adaptive_Busiest_Long",15,1000,3237,2226,212,6,166,40.75,78.3,43.92,11.37,FALSE,"Adaptive","Busiest","Long"
"Exp5_Adaptive_Busiest_Long",16,1000,3158,2328,219,5,173,42.44,79,49.46,10.18,FALSE,"Adaptive","Busiest","Long"
"Exp5_Adaptive_Busiest_Long",17,1000,3250,2183,212,4,164,40.18,77.36,38.6,11.68,FALSE,"Adaptive","Busiest","Long"
"Exp5_Adaptive_Busiest_Long",18,1000,3671,1789,247,7,188,32.77,76.11,50.31,11.19,FALSE,"Adaptive","Busiest","Long"
"Exp5_Adaptive_Busiest_Long",19,1000,3582,1962,236,5,181,35.39,76.69,42.7,9.35,FALSE,"Adaptive","Busiest","Long"
"Exp5_Adaptive_Busiest_Long",20,1000,3258,2193,210,5,160,40.23,76.19,38.62,11.7,FALSE,"Adaptive","Busiest","Long"
"Exp5_Adaptive_Busiest_Long",21,1000,3289,2089,190,5,142,38.84,74.74,38.31,8.76,FALSE,"Adaptive","Busiest","Long"
"Exp5_Adaptive_Busiest_Long",22,1000,3094,2412,194,4,146,43.81,75.26,50.74,10.28,FALSE,"Adaptive","Busiest","Long"
"Exp5_Adaptive_Busiest_Long",23,1000,2753,2746,205,4,161,49.94,78.54,48.84,10.62,FALSE,"Adaptive","Busiest","Long"
"Exp5_Adaptive_Busiest_Long",24,1000,2791,2686,184,4,136,49.04,73.91,39.25,13.31,FALSE,"Adaptive","Busiest","Long"
"Exp5_Adaptive_Busiest_Long",25,1000,3276,2306,206,4,154,41.31,74.76,54.37,12.08,FALSE,"Adaptive","Busiest","Long"
"Exp5_Adaptive_Busiest_Long",26,1000,3340,2135,216,5,161,39,74.54,49.43,9.28,FALSE,"Adaptive","Busiest","Long"
"Exp5_Adaptive_Busiest_Long",27,1000,3084,2443,205,4,157,44.2,76.59,42.86,10.24,FALSE,"Adaptive","Busiest","Long"
"Exp5_Adaptive_Busiest_Long",28,1000,3387,2112,232,5,186,38.41,80.17,41.79,9.38,FALSE,"Adaptive","Busiest","Long"
"Exp5_Adaptive_Busiest_Long",29,1000,3139,2409,230,4,178,43.42,77.39,44.13,11.29,FALSE,"Adaptive","Busiest","Long"
"Exp5_Adaptive_Busiest_Long",30,1000,3393,2138,250,6,196,38.65,78.4,42.19,11.17,FALSE,"Adaptive","Busiest","Long"
"Exp6_Stubborn_Busiest_Long",1,1000,3156,2376,229,21,173,42.95,75.55,47.6,12.27,FALSE,"Stubborn","Busiest","Long"
"Exp6_Stubborn_Busiest_Long",2,1000,3435,2024,218,11,158,37.08,72.48,50.48,8.43,FALSE,"Stubborn","Busiest","Long"
"Exp6_Stubborn_Busiest_Long",3,1000,3591,1798,241,5,180,33.36,74.69,50.3,11.51,FALSE,"Stubborn","Busiest","Long"
"Exp6_Stubborn_Busiest_Long",4,1000,3463,2098,213,13,156,37.73,73.24,50.55,9.74,FALSE,"Stubborn","Busiest","Long"
"Exp6_Stubborn_Busiest_Long",5,1000,2827,2638,187,46,133,48.27,71.12,42.26,9.93,FALSE,"Stubborn","Busiest","Long"
"Exp6_Stubborn_Busiest_Long",6,1000,3403,2029,197,5,144,37.35,73.1,43.3,11.41,FALSE,"Stubborn","Busiest","Long"
"Exp6_Stubborn_Busiest_Long",7,1000,3309,2148,213,27,159,39.36,74.65,51.96,11.03,FALSE,"Stubborn","Busiest","Long"
"Exp6_Stubborn_Busiest_Long",8,1000,3544,1999,220,4,161,36.06,73.18,50.72,13.84,FALSE,"Stubborn","Busiest","Long"
"Exp6_Stubborn_Busiest_Long",9,1000,3296,2130,217,4,161,39.26,74.19,51.69,11.84,FALSE,"Stubborn","Busiest","Long"
"Exp6_Stubborn_Busiest_Long",10,1000,3342,2225,201,6,148,39.97,73.63,34.88,10.47,FALSE,"Stubborn","Busiest","Long"
"Exp6_Stubborn_Busiest_Long",11,1000,3302,2180,200,35,138,39.77,69,51.3,11.87,FALSE,"Stubborn","Busiest","Long"
"Exp6_Stubborn_Busiest_Long",12,1000,3652,1896,170,4,111,34.17,65.29,44.55,5.92,FALSE,"Stubborn","Busiest","Long"
"Exp6_Stubborn_Busiest_Long",13,1000,3117,2357,215,5,169,43.06,78.6,48.15,10.2,FALSE,"Stubborn","Busiest","Long"
"Exp6_Stubborn_Busiest_Long",14,1000,2329,3109,189,4,153,57.17,80.95,47.06,12.79,FALSE,"Stubborn","Busiest","Long"
"Exp6_Stubborn_Busiest_Long",15,1000,3017,2516,198,6,141,45.47,71.21,48.15,8.97,FALSE,"Stubborn","Busiest","Long"
"Exp6_Stubborn_Busiest_Long",16,1000,3337,2072,188,5,131,38.31,69.68,49.5,8.3,FALSE,"Stubborn","Busiest","Long"
"Exp6_Stubborn_Busiest_Long",17,1000,3354,2216,207,6,143,39.78,69.08,43.65,9.31,FALSE,"Stubborn","Busiest","Long"
"Exp6_Stubborn_Busiest_Long",18,1000,3051,2388,182,5,126,43.91,69.23,40.17,9.36,FALSE,"Stubborn","Busiest","Long"
"Exp6_Stubborn_Busiest_Long",19,1000,3525,1951,239,4,180,35.63,75.31,44.97,10.47,FALSE,"Stubborn","Busiest","Long"
"Exp6_Stubborn_Busiest_Long",20,1000,3728,1802,200,7,130,32.59,65,43.9,12.99,FALSE,"Stubborn","Busiest","Long"
"Exp6_Stubborn_Busiest_Long",21,1000,3349,2116,194,30,140,38.72,72.16,42.26,8.99,FALSE,"Stubborn","Busiest","Long"
"Exp6_Stubborn_Busiest_Long",22,1000,2447,3054,170,5,125,55.52,73.53,40.68,7.89,FALSE,"Stubborn","Busiest","Long"
"Exp6_Stubborn_Busiest_Long",23,1000,3105,2426,205,3,144,43.86,70.24,36.84,10.28,FALSE,"Stubborn","Busiest","Long"
"Exp6_Stubborn_Busiest_Long",24,1000,3117,2274,235,14,172,42.18,73.19,44.72,10.82,FALSE,"Stubborn","Busiest","Long"
"Exp6_Stubborn_Busiest_Long",25,1000,3453,2047,238,20,179,37.22,75.21,45.81,8.89,FALSE,"Stubborn","Busiest","Long"
"Exp6_Stubborn_Busiest_Long",26,1000,3496,2010,230,4,172,36.51,74.78,44.17,13.17,FALSE,"Stubborn","Busiest","Long"
"Exp6_Stubborn_Busiest_Long",27,1000,3483,2093,225,4,171,37.54,76,48.09,9.46,FALSE,"Stubborn","Busiest","Long"
"Exp6_Stubborn_Busiest_Long",28,1000,2864,2589,193,10,147,47.48,76.17,39.78,11.87,FALSE,"Stubborn","Busiest","Long"
"Exp6_Stubborn_Busiest_Long",29,1000,2892,2517,208,4,155,46.53,74.52,35.07,12.54,FALSE,"Stubborn","Busiest","Long"
"Exp6_Stubborn_Busiest_Long",30,1000,3231,2237,220,6,161,40.91,73.18,44.15,10.33,FALSE,"Stubborn","Busiest","Long"
"Exp7_Adaptive_Random_Long",1,1000,4813,718,67,80,29,12.98,43.28,28.12,3.57,FALSE,"Adaptive","Random","Long"
"Exp7_Adaptive_Random_Long",2,1000,4782,833,47,37,8,14.84,17.02,18.92,2.53,FALSE,"Adaptive","Random","Long"
"Exp7_Adaptive_Random_Long",3,1000,4991,518,90,201,38,9.4,42.22,31.13,7.02,FALSE,"Adaptive","Random","Long"
"Exp7_Adaptive_Random_Long",4,1000,4962,540,95,126,51,9.81,53.68,28.4,8.31,FALSE,"Adaptive","Random","Long"
"Exp7_Adaptive_Random_Long",5,1000,4771,709,86,100,42,12.94,48.84,35.22,5.87,FALSE,"Adaptive","Random","Long"
"Exp7_Adaptive_Random_Long",6,1000,4978,475,83,184,38,8.71,45.78,33.77,6.25,FALSE,"Adaptive","Random","Long"
"Exp7_Adaptive_Random_Long",7,1000,4727,770,66,4,25,14.01,37.88,20.48,3.95,FALSE,"Adaptive","Random","Long"
"Exp7_Adaptive_Random_Long",8,1000,4869,616,92,23,51,11.23,55.43,28.93,7.26,FALSE,"Adaptive","Random","Long"
"Exp7_Adaptive_Random_Long",9,1000,4859,658,88,63,39,11.93,44.32,29.32,7.44,FALSE,"Adaptive","Random","Long"
"Exp7_Adaptive_Random_Long",10,1000,4907,550,54,5,16,10.08,29.63,24.86,2.87,FALSE,"Adaptive","Random","Long"
"Exp7_Adaptive_Random_Long",11,1000,4604,965,57,167,18,17.33,31.58,8.03,4.33,FALSE,"Adaptive","Random","Long"
"Exp7_Adaptive_Random_Long",12,1000,4943,572,64,78,19,10.37,29.69,22.9,2.52,FALSE,"Adaptive","Random","Long"
"Exp7_Adaptive_Random_Long",13,1000,4998,482,62,209,16,8.8,25.81,15.42,3.84,FALSE,"Adaptive","Random","Long"
"Exp7_Adaptive_Random_Long",14,1000,4809,655,89,6,41,11.99,46.07,36.36,4.35,FALSE,"Adaptive","Random","Long"
"Exp7_Adaptive_Random_Long",15,1000,4981,534,79,6,32,9.68,40.51,19.46,3.89,FALSE,"Adaptive","Random","Long"
"Exp7_Adaptive_Random_Long",16,1000,4508,939,61,6,18,17.24,29.51,18.71,4.3,FALSE,"Adaptive","Random","Long"
"Exp7_Adaptive_Random_Long",17,1000,4977,509,79,116,31,9.28,39.24,30.46,3.94,FALSE,"Adaptive","Random","Long"
"Exp7_Adaptive_Random_Long",18,1000,4734,746,74,102,32,13.61,43.24,23.78,4.57,FALSE,"Adaptive","Random","Long"
"Exp7_Adaptive_Random_Long",19,1000,4670,748,75,5,29,13.81,38.67,24.16,5.06,FALSE,"Adaptive","Random","Long"
"Exp7_Adaptive_Random_Long",20,1000,4800,667,71,5,31,12.2,43.66,25.74,4.61,FALSE,"Adaptive","Random","Long"
"Exp7_Adaptive_Random_Long",21,1000,4946,478,70,36,19,8.81,27.14,23.53,4.04,FALSE,"Adaptive","Random","Long"
"Exp7_Adaptive_Random_Long",22,1000,5029,394,92,92,36,7.27,39.13,23.16,6.18,FALSE,"Adaptive","Random","Long"
"Exp7_Adaptive_Random_Long",23,1000,4851,642,66,14,24,11.69,36.36,30.28,2.17,FALSE,"Adaptive","Random","Long"
"Exp7_Adaptive_Random_Long",24,1000,4869,617,83,140,36,11.25,43.37,33.84,5.47,FALSE,"Adaptive","Random","Long"
"Exp7_Adaptive_Random_Long",25,1000,4918,533,101,250,43,9.78,42.57,24.14,8.56,FALSE,"Adaptive","Random","Long"
"Exp7_Adaptive_Random_Long",26,1000,5048,440,65,5,20,8.02,30.77,19.51,2.7,FALSE,"Adaptive","Random","Long"
"Exp7_Adaptive_Random_Long",27,1000,4779,691,76,92,32,12.63,42.11,34.78,6.59,FALSE,"Adaptive","Random","Long"
"Exp7_Adaptive_Random_Long",28,1000,4830,698,76,187,32,12.63,42.11,23.86,4.54,FALSE,"Adaptive","Random","Long"
"Exp7_Adaptive_Random_Long",29,1000,4984,608,83,49,37,10.87,44.58,25,6.21,FALSE,"Adaptive","Random","Long"
"Exp7_Adaptive_Random_Long",30,1000,5089,442,82,17,32,7.99,39.02,25.58,6.34,FALSE,"Adaptive","Random","Long"
"Exp8_Stubborn_Random_Long",1,1000,4908,518,80,549,4,9.55,5,4.02,1.56,FALSE,"Stubborn","Random","Long"
"Exp8_Stubborn_Random_Long",2,1000,4826,597,60,273,5,11.01,8.33,6.45,3.59,FALSE,"Stubborn","Random","Long"
"Exp8_Stubborn_Random_Long",3,1000,4655,756,66,632,14,13.97,21.21,15.38,3.64,FALSE,"Stubborn","Random","Long"
"Exp8_Stubborn_Random_Long",4,1000,4923,528,60,365,1,9.69,1.67,0,0.27,FALSE,"Stubborn","Random","Long"
"Exp8_Stubborn_Random_Long",5,1000,5013,416,64,457,0,7.66,0,0,0,FALSE,"Stubborn","Random","Long"
"Exp8_Stubborn_Random_Long",6,1000,4821,668,54,186,4,12.17,7.41,1.18,3.7,FALSE,"Stubborn","Random","Long"
"Exp8_Stubborn_Random_Long",7,1000,5022,497,61,-1,0,9.01,0,0,4.1,TRUE,"Stubborn","Random","Long"
"Exp8_Stubborn_Random_Long",8,1000,4690,771,50,375,7,14.12,14,10.13,2.13,FALSE,"Stubborn","Random","Long"
"Exp8_Stubborn_Random_Long",9,1000,4811,627,83,913,5,11.53,6.02,3.52,2.77,FALSE,"Stubborn","Random","Long"
"Exp8_Stubborn_Random_Long",10,1000,5028,486,81,-1,0,8.81,0,0,1.23,TRUE,"Stubborn","Random","Long"
"Exp8_Stubborn_Random_Long",11,1000,4879,606,64,721,2,11.05,3.12,3.38,0.47,FALSE,"Stubborn","Random","Long"
"Exp8_Stubborn_Random_Long",12,1000,5052,441,71,815,1,8.03,1.41,0,2.36,FALSE,"Stubborn","Random","Long"
"Exp8_Stubborn_Random_Long",13,1000,4868,661,48,371,2,11.96,4.17,3.78,1.31,FALSE,"Stubborn","Random","Long"
"Exp8_Stubborn_Random_Long",14,1000,4885,570,65,-1,0,10.45,0,0,1.95,TRUE,"Stubborn","Random","Long"
"Exp8_Stubborn_Random_Long",15,1000,4935,537,64,909,2,9.81,3.12,0,1.66,FALSE,"Stubborn","Random","Long"
"Exp8_Stubborn_Random_Long",16,1000,5025,512,69,547,2,9.25,2.9,0.87,1.97,FALSE,"Stubborn","Random","Long"
"Exp8_Stubborn_Random_Long",17,1000,4757,768,63,453,8,13.9,12.7,14.16,1.35,FALSE,"Stubborn","Random","Long"
"Exp8_Stubborn_Random_Long",18,1000,5001,428,67,-1,0,7.88,0,0,2.12,TRUE,"Stubborn","Random","Long"
"Exp8_Stubborn_Random_Long",19,1000,4890,515,61,183,4,9.53,6.56,5.93,1.19,FALSE,"Stubborn","Random","Long"
"Exp8_Stubborn_Random_Long",20,1000,4778,704,72,996,1,12.84,1.39,0,0.84,FALSE,"Stubborn","Random","Long"
"Exp8_Stubborn_Random_Long",21,1000,4707,713,72,737,6,13.15,8.33,4.39,1.96,FALSE,"Stubborn","Random","Long"
"Exp8_Stubborn_Random_Long",22,1000,4949,594,72,634,12,10.72,16.67,9.57,2.74,FALSE,"Stubborn","Random","Long"
"Exp8_Stubborn_Random_Long",23,1000,4722,761,53,464,9,13.88,16.98,14.75,1,FALSE,"Stubborn","Random","Long"
"Exp8_Stubborn_Random_Long",24,1000,5127,373,78,452,2,6.78,2.56,1.46,2.27,FALSE,"Stubborn","Random","Long"
"Exp8_Stubborn_Random_Long",25,1000,5053,426,62,-1,0,7.78,0,0,0.38,TRUE,"Stubborn","Random","Long"
"Exp8_Stubborn_Random_Long",26,1000,4878,524,62,904,1,9.7,1.61,0,0.38,FALSE,"Stubborn","Random","Long"
"Exp8_Stubborn_Random_Long",27,1000,5028,445,59,580,3,8.13,5.08,0,4.04,FALSE,"Stubborn","Random","Long"
"Exp8_Stubborn_Random_Long",28,1000,4820,581,76,633,7,10.76,9.21,6.42,3.83,FALSE,"Stubborn","Random","Long"
"Exp8_Stubborn_Random_Long",29,1000,4920,536,69,457,1,9.82,1.45,0.49,0.68,FALSE,"Stubborn","Random","Long"
"Exp8_Stubborn_Random_Long",30,1000,5063,464,68,995,1,8.4,1.47,0.69,2.58,FALSE,"Stubborn","Random","Long"
